{"count":1,"self":70.139423999999991,"total":70.534088799999992,"children":{"InitializeActuators":{"count":1,"self":0.001999,"total":0.001999,"children":null},"InitializeSensors":{"count":1,"self":0.0040022999999999994,"total":0.0040022999999999994,"children":null},"AgentSendState":{"count":3474,"self":0.2058467,"total":0.244785,"children":{"CollectObservations":{"count":1180,"self":0.0099899,"total":0.0099899,"children":null},"WriteActionMask":{"count":1180,"self":0.002974,"total":0.002974,"children":null},"RequestDecision":{"count":1180,"self":0.0190048,"total":0.025974399999999998,"children":{"RayPerceptionSensor.Perceive":{"count":1180,"self":0.0069695999999999994,"total":0.0069695999999999994,"children":null}}}}},"DecideAction":{"count":3474,"self":0.055195799999999996,"total":0.055195799999999996,"children":null},"AgentAct":{"count":3474,"self":0.087683799999999992,"total":0.087683799999999992,"children":null}},"gauges":{},"metadata":{"timer_format_version":"0.1.0","start_time_seconds":"1666405050","unity_version":"2021.3.6f1","command_line_arguments":"C:\\Program Files\\Unity\\Hub\\Editor\\2021.3.6f1\\Editor\\Unity.exe -projectpath C:\\Users\\LJW\\OneDrive\\문서\\GitHub\\SWC -useHub -hubIPC -cloudEnvironment production -licensingIpc LicenseClient-LJW -hubSessionId 872715a0-51a6-11ed-83fb-61e121f3605b","communication_protocol_version":"1.5.0","com.unity.ml-agents_version":"2.1.0-exp.1","scene_name":"FoodCollector","end_time_seconds":"1666405121"}}