{"count":1,"self":22.851521599999998,"total":22.960013,"children":{"InitializeActuators":{"count":2,"self":0.0020005,"total":0.0020005,"children":null},"InitializeSensors":{"count":2,"self":0.010095999999999999,"total":0.010095999999999999,"children":null},"AgentSendState":{"count":1038,"self":0.0060627,"total":0.016866199999999998,"children":{"CollectObservations":{"count":6,"self":0.0028382999999999998,"total":0.0028382999999999998,"children":null},"WriteActionMask":{"count":6,"self":0.001,"total":0.001,"children":null},"RequestDecision":{"count":6,"self":0.0069651999999999995,"total":0.0069651999999999995,"children":null}}},"DecideAction":{"count":1038,"self":0.031020899999999997,"total":0.031020899999999997,"children":null},"AgentAct":{"count":1038,"self":0.023223399999999998,"total":0.023223399999999998,"children":null}},"gauges":{},"metadata":{"timer_format_version":"0.1.0","start_time_seconds":"1666434612","unity_version":"2021.3.6f1","command_line_arguments":"C:\\Program Files\\Unity\\Hub\\Editor\\2021.3.6f1\\Editor\\Unity.exe -projectpath C:\\Users\\LJW\\OneDrive\\문서\\GitHub\\SWC -useHub -hubIPC -cloudEnvironment production -licensingIpc LicenseClient-LJW -hubSessionId 51dbd3a0-51cd-11ed-b073-65a7253e355a -accessToken TPkwrANOWSF0tKG34F0pMCTC1qngaIBpsHP3D8JoEs400df","communication_protocol_version":"1.5.0","com.unity.ml-agents_version":"2.1.0-exp.1","scene_name":"FoodCollector","end_time_seconds":"1666434635"}}