{"count":1,"self":11.626868799999999,"total":11.989032,"children":{"InitializeActuators":{"count":16,"self":0.0012649999999999998,"total":0.0012649999999999998,"children":null},"InitializeSensors":{"count":16,"self":0.0022689999999999997,"total":0.0022689999999999997,"children":null},"AgentSendState":{"count":579,"self":0.046719,"total":0.055548999999999994,"children":{"CollectObservations":{"count":1552,"self":0.000966,"total":0.000966,"children":null},"WriteActionMask":{"count":1552,"self":0.0010999999999999998,"total":0.0010999999999999998,"children":null},"RequestDecision":{"count":1552,"self":0.006764,"total":0.006764,"children":null}}},"DecideAction":{"count":579,"self":0.265598,"total":0.267756,"children":{"RayPerceptionSensor.Perceive":{"count":1552,"self":0.0021579999999999998,"total":0.0021579999999999998,"children":null}}},"AgentAct":{"count":579,"self":0.034829,"total":0.034829,"children":null}},"gauges":{"Hallway.CumulativeReward":{"count":44,"max":0.962,"min":0.8413329,"runningAverage":0.936469734,"value":0.9303335,"weightedAverage":0.9195683}},"metadata":{"timer_format_version":"0.1.0","start_time_seconds":"1656637501","unity_version":"2021.3.4f1","command_line_arguments":"\/Applications\/2021.3.4f1\/Unity.app\/Contents\/MacOS\/Unity -projectpath \/Users\/jaynap\/My project -useHub -hubIPC -cloudEnvironment production -licensingIpc LicenseClient-jaynap -hubSessionId cee96bc0-ed85-11ec-901c-57cf17cb4840 -accessToken 1jU1vP6d6XguGrRFkxHh61HKEjM2i2x4dIP1WamHUtE00df","communication_protocol_version":"1.5.0","com.unity.ml-agents_version":"2.1.0-exp.1","scene_name":"Hallway","end_time_seconds":"1656637513"}}